,battery_level,captive,code,id,location
0,80,False,,69d40717-8fd7-4d58-b2f1-62eb2f361a88,"{'latitude': 37.804653333333334, 'longitude': -122.27124}"
1,58,False,,20460b6e-a061-4867-9cbb-387586671ec0,"{'latitude': 37.804179999999995, 'longitude': -122.27084333333332}"
2,57,False,,649cfffa-3a67-4bae-9a89-76107108e154,"{'latitude': 37.80425666666667, 'longitude': -122.27073666666665}"
3,48,False,,fbbc7dca-cd78-4c58-9919-d3f294f94ced,"{'latitude': 37.80475166666667, 'longitude': -122.27115666666666}"
4,84,False,,a7313e7e-1d42-4261-a132-cb5f550f6fa2,"{'latitude': 37.80379166666667, 'longitude': -122.27101166666668}"
5,67,False,,4e09287e-de3d-4bf9-a537-50c8cd1481ad,"{'latitude': 37.804790000000004, 'longitude': -122.27169833333333}"
6,49,False,,e2e95005-394b-4644-bbe9-4615ad722ab8,"{'latitude': 37.80474166666667, 'longitude': -122.27185833333333}"
7,66,False,,8d7e3b00-a49f-43eb-93ab-3411f5bcaeb1,"{'latitude': 37.804935, 'longitude': -122.27178166666666}"
8,83,False,,2a9c37b7-5ca4-447a-a4e3-5b9fcff229a4,"{'latitude': 37.80423333333333, 'longitude': -122.26978333333334}"
9,53,False,,1f676700-2bf1-4d02-b2d2-34ac56b2f191,"{'latitude': 37.80457666666667, 'longitude': -122.27273500000001}"
10,58,False,,e44fa521-9cd1-4df8-8006-92982a036484,"{'latitude': 37.80311166666667, 'longitude': -122.27082833333334}"
11,78,False,,fb6fc82d-3ef4-48e5-9dc7-17b914695a50,"{'latitude': 37.803146, 'longitude': -122.270493}"
12,43,False,,d86f95cb-f44a-4420-ba43-43b1dd4b384e,"{'latitude': 37.80285666666667, 'longitude': -122.27181999999999}"
13,82,False,,bad2dbd8-c880-463a-9f82-433ad12c4f38,"{'latitude': 37.804096666666666, 'longitude': -122.27314833333334}"
14,88,False,,47683ce0-d186-46b1-9c9d-946e40afdd84,"{'latitude': 37.805126666666666, 'longitude': -122.26911999999999}"
15,93,False,,118cf360-56aa-46ac-a274-de87b8ade217,"{'latitude': 37.805085, 'longitude': -122.27319333333335}"
16,98,False,,0274b641-c94d-4f81-90e2-4c62bf467155,"{'latitude': 37.80499333333333, 'longitude': -122.27368166666665}"
17,96,False,,0fbbb914-1b0e-4dd4-8c3a-c28c5edb743e,"{'latitude': 37.80355, 'longitude': -122.26860833333333}"
18,71,False,,b41ae5bc-4ba5-441b-bc99-12a15c566a72,"{'latitude': 37.80233, 'longitude': -122.27038499999999}"
19,99,False,,8d889a23-b5db-4200-b83c-c034a9bc6798,"{'latitude': 37.80591166666667, 'longitude': -122.26908833333333}"
20,41,False,,346a1065-b9ed-49d4-aaea-4c8ea92eb10b,"{'latitude': 37.80229166666666, 'longitude': -122.27211833333334}"
21,95,False,,8eaabd3b-536b-4aba-be8b-3c319a484ab3,"{'latitude': 37.80457666666667, 'longitude': -122.26816500000001}"
22,75,False,,36becc8f-4d3e-4f9c-bc77-d204f4b47483,"{'latitude': 37.80462333333333, 'longitude': -122.26808166666666}"
23,41,False,,be390a82-ee70-4bd9-b54b-1c045246fb72,"{'latitude': 37.8044711, 'longitude': -122.2741486}"
24,84,False,,bb61313c-61c6-46ee-9f1d-2c101d0e16ac,"{'latitude': 37.802295, 'longitude': -122.27264333333332}"
25,53,False,,a7028acc-992d-48cf-bdc5-ddec0ff327a1,"{'latitude': 37.806601666666666, 'longitude': -122.26960833333332}"
26,16,False,,fc654acf-27b9-4496-9572-3ead1f54da11,"{'latitude': 37.80665166666667, 'longitude': -122.27263666666667}"
27,48,False,,e5280985-1fd2-4132-8d58-ac260b208949,"{'latitude': 37.802285, 'longitude': -122.27293333333334}"
28,56,False,,3b8ad985-d5b4-47b1-8e70-e17def9dadba,"{'latitude': 37.80259, 'longitude': -122.268715}"
29,69,False,,82b7651b-58aa-47ef-bbd3-8a587e6f0977,"{'latitude': 37.80682, 'longitude': -122.27298}"
30,57,False,,9be9fc6c-8620-4511-815d-0f6028ab8024,"{'latitude': 37.80648, 'longitude': -122.26838666666666}"
31,42,False,,f41d42cc-b160-4602-84ab-54cbef8c0c43,"{'latitude': 37.807075000000005, 'longitude': -122.26941666666669}"
32,78,False,,a4d25690-4c62-4cb2-a075-c90243f7fcf3,"{'latitude': 37.80433333333334, 'longitude': -122.26728833333333}"
33,98,False,,6139bee8-9bff-4684-a49e-113bc5d849bf,"{'latitude': 37.807175, 'longitude': -122.26936333333333}"
34,92,False,,458589a1-d8b7-44c0-891b-2aa62fdeb64b,"{'latitude': 37.80226833333334, 'longitude': -122.26782166666665}"
35,79,False,,8dc384d9-457e-4d32-b23e-67ae0a89c771,"{'latitude': 37.807098333333336, 'longitude': -122.27381166666667}"
36,59,False,,5ea15a01-e8e1-44d3-b86d-e39a7d2150dc,"{'latitude': 37.80773166666667, 'longitude': -122.27237666666666}"
37,59,False,,610866a6-cdd4-4140-98d0-7edc6fc25e84,"{'latitude': 37.80786833333333, 'longitude': -122.271775}"
38,46,False,,c9f78e5c-2b2e-4188-ad23-c41305b51781,"{'latitude': 37.802375, 'longitude': -122.26743333333334}"
39,57,False,,9bb3adf1-d8da-4e43-a6b2-ebe0b8820b17,"{'latitude': 37.80419166666666, 'longitude': -122.27573333333333}"
40,57,False,,26b3b1f3-b2e7-422b-9e8c-dd4be5d50716,"{'latitude': 37.804115, 'longitude': -122.27574166666666}"
41,48,False,,9585326c-d9d1-49d9-98d9-089d9abd996e,"{'latitude': 37.80804, 'longitude': -122.27210166666667}"
42,42,False,,4c84bb52-2714-4787-9600-6df3d7d5e6fa,"{'latitude': 37.808009999999996, 'longitude': -122.27232333333335}"
43,99,False,,a8571362-9b83-416c-a953-c3578cff5fee,"{'latitude': 37.80086166666667, 'longitude': -122.26912666666666}"
44,100,False,,b5d2e453-9448-490a-9a55-6a8015968b97,"{'latitude': 37.800865, 'longitude': -122.26910333333332}"
45,58,False,,7ecf130a-9514-4954-9322-c72a58c949d0,"{'latitude': 37.807334999999995, 'longitude': -122.26786833333333}"
46,94,False,,7a688d9d-a53f-42ff-a0f4-88596d009317,"{'latitude': 37.802456666666664, 'longitude': -122.26683}"
47,95,False,,f45271b9-65a8-4870-975f-65da3805d016,"{'latitude': 37.80054500000001, 'longitude': -122.27038499999999}"
48,25,False,,a04e528f-cc46-487c-9895-34aa072267ba,"{'latitude': 37.80798333333333, 'longitude': -122.26911999999999}"
49,94,False,,1aa9450e-5cf7-4039-8af7-297c557e5b2d,"{'latitude': 37.80533166666667, 'longitude': -122.26628166666666}"
50,46,False,,44abc0c3-81c9-4a6c-93dd-bb82e05e5034,"{'latitude': 37.80154, 'longitude': -122.27455166666665}"
51,58,False,,1d4fbd06-e013-4aa9-b286-58f907403ef9,"{'latitude': 37.80047166666667, 'longitude': -122.27195666666667}"
52,71,False,,3f618f79-42d7-4943-9144-434d0ee36e38,"{'latitude': 37.80708333333334, 'longitude': -122.26731166666666}"
53,60,False,,fc15de56-b225-4aee-9e91-44ce292aeed5,"{'latitude': 37.80068166666667, 'longitude': -122.26891333333333}"
54,94,False,,b6dd001d-336d-436a-aa10-4fea792b7984,"{'latitude': 37.800495, 'longitude': -122.26927166666668}"
55,83,False,,8fcec356-2d47-4813-93b0-fbd078015189,"{'latitude': 37.80206, 'longitude': -122.26673166666666}"
56,46,False,,0bca4001-bdb4-4a1c-9288-d0261f7a1b72,"{'latitude': 37.80035833333333, 'longitude': -122.26979833333334}"
57,80,False,,46d94b46-c718-45c2-97ab-5e4ce7a83405,"{'latitude': 37.80023166666667, 'longitude': -122.27127}"
58,99,False,,b21a9a62-ed70-417a-9e52-5edd08baf787,"{'latitude': 37.80204833333333, 'longitude': -122.26672333333333}"
59,60,False,,3ba8c6a2-c959-4f8e-a967-b43f570ad5a9,"{'latitude': 37.80046, 'longitude': -122.26924833333332}"
60,94,False,,7fd5fb58-8e0b-4585-a32f-0d1e3a08057c,"{'latitude': 37.80045, 'longitude': -122.26925666666666}"
61,98,False,,ed9d875f-b920-458a-b718-940a1d122502,"{'latitude': 37.800675, 'longitude': -122.26857}"
62,97,False,,f03c4898-8ec4-4002-8548-6eb8474d8fdd,"{'latitude': 37.80065166666667, 'longitude': -122.26861500000001}"
63,75,False,,bed1c214-be7f-49d3-97c8-c5186010f636,"{'latitude': 37.80117333333333, 'longitude': -122.27465}"
64,31,False,,21c5cca0-5e72-451c-bdcd-f7ab64fc6714,"{'latitude': 37.80663666666667, 'longitude': -122.27574166666666}"
65,54,False,,d190fb37-0513-4620-a507-1917951c0840,"{'latitude': 37.808661666666666, 'longitude': -122.27184333333335}"
66,61,False,,45dc3ef3-4cb1-46a1-ab86-bb26c3f1fcbe,"{'latitude': 37.80547, 'longitude': -122.27638166666665}"
67,61,False,,76396bb6-6178-4016-8313-441363c510ff,"{'latitude': 37.805476666666664, 'longitude': -122.27638166666665}"
68,100,False,,47d77214-43a8-4927-ba15-1e3ae96e2239,"{'latitude': 37.80867564029787, 'longitude': -122.27184634667101}"
69,38,False,,1a057170-6208-4480-8ab7-2bce413086fe,"{'latitude': 37.806846666666665, 'longitude': -122.27565833333334}"
70,97,False,,65af8e61-305b-4efa-be11-7bbed61844cb,"{'latitude': 37.801563333333334, 'longitude': -122.26690666666667}"
71,55,False,,6d7c5e8e-c2ee-461a-be03-14b1b35feda6,"{'latitude': 37.80661833333333, 'longitude': -122.26620499999999}"
72,35,False,,71f3b8cd-49e4-4eb4-accb-54ee0d854123,"{'latitude': 37.801219999999994, 'longitude': -122.26710499999999}"
73,54,False,,e132d528-c920-457f-af68-345f8cdcaf4c,"{'latitude': 37.805245, 'longitude': -122.27671833333333}"
74,59,False,,22c4168f-be29-4d3d-b377-acb5f25ecf45,"{'latitude': 37.80887666666667, 'longitude': -122.27191166666668}"
75,98,False,,2c53bdb7-3e50-419d-a39a-de1e62c364ce,"{'latitude': 37.80112, 'longitude': -122.26712833333335}"
76,51,False,,ef997509-7c72-4177-ad51-d0fc455c8107,"{'latitude': 37.80034666666666, 'longitude': -122.27372666666666}"
77,35,False,,9c676ed4-c306-4d12-a9fb-3076535530cd,"{'latitude': 37.809021666666666, 'longitude': -122.27129333333332}"
78,26,False,,a68e24f2-f046-4239-8351-2197704d70de,"{'latitude': 37.809036666666664, 'longitude': -122.27135500000001}"
79,37,False,,0c148c54-3ef1-4263-b256-2187eb34fa7a,"{'latitude': 37.80021333333333, 'longitude': -122.26854666666668}"
80,51,False,,c028475f-2b15-4276-b1ba-09da0ea87a5f,"{'latitude': 37.802265000000006, 'longitude': -122.26573166666667}"
81,98,False,,a05e19d5-c660-41b3-b4dc-0b1e81df33a1,"{'latitude': 37.800198333333334, 'longitude': -122.27398}"
82,59,False,,4c242ef2-3506-4ce3-b77b-874b91073ffa,"{'latitude': 37.80079333333333, 'longitude': -122.27507833333333}"
83,87,False,,070269ca-1c88-403c-bd40-2f3bc2ea107f,"{'latitude': 37.799724999999995, 'longitude': -122.27281166666668}"
84,33,False,,6be0b184-78b7-473b-8167-9ccabb28e71c,"{'latitude': 37.79958666666666, 'longitude': -122.270065}"
85,57,False,,6cbadd34-980c-4fb2-98b5-853bf1e373c3,"{'latitude': 37.80037, 'longitude': -122.26755499999999}"
86,36,False,,2ad44056-74bc-4eb3-a931-3285566c28c5,"{'latitude': 37.79952166666667, 'longitude': -122.270065}"
87,57,False,,87fab69c-acef-41b6-9741-a8bed899303e,"{'latitude': 37.80077333333334, 'longitude': -122.275475}"
88,57,False,,2fd864f4-f797-4ebe-b86e-163951ff7b84,"{'latitude': 37.79935833333333, 'longitude': -122.27153000000001}"
89,59,False,,de247b0d-8f0f-4b06-840e-ab47d88f2753,"{'latitude': 37.79932833333333, 'longitude': -122.27152333333333}"
90,57,False,,ec98949d-a700-4a3c-b730-0ca1b3952479,"{'latitude': 37.799323333333334, 'longitude': -122.27156833333332}"
91,58,False,,9032f315-9a28-4299-8efc-84541ca5dc1d,"{'latitude': 37.799323333333334, 'longitude': -122.27181999999999}"
92,27,False,,24f2e4c4-0cd1-4ab6-9407-bad61d3c55f9,"{'latitude': 37.79936166666666, 'longitude': -122.26969166666667}"
93,40,False,,bffcd265-d78f-445b-ba2c-f105a0c2287f,"{'latitude': 37.80271166666667, 'longitude': -122.26488499999999}"
94,29,False,,9ad76c58-4408-4054-b6e8-0c6d5d186664,"{'latitude': 37.808483333333335, 'longitude': -122.26687666666666}"
95,77,False,,8f47954e-c75b-4735-8469-9cd6d0a50517,"{'latitude': 37.80753, 'longitude': -122.276535}"
96,74,False,,a10576fa-0a11-424e-a5d1-2b098697bbe3,"{'latitude': 37.80488666666667, 'longitude': -122.26434333333333}"
97,61,False,,20f29100-5f32-496e-83f4-7363cc277fa1,"{'latitude': 37.79947666666667, 'longitude': -122.27380333333333}"
98,51,False,,b7bdd1d6-d49c-43cd-9094-2bc96a7cce89,"{'latitude': 37.809655, 'longitude': -122.26937833333335}"
99,87,False,,d239ec89-69f5-43f7-a3ef-3de98cb95f85,"{'latitude': 37.803250000000006, 'longitude': -122.26437333333334}"
100,43,False,,1a1bd7a4-f374-4f28-b4f1-20c0a16b82bd,"{'latitude': 37.799385, 'longitude': -122.27384166666667}"
101,64,False,,12c46e29-d199-45f7-af4f-aec169dd6bb9,"{'latitude': 37.80007166666667, 'longitude': -122.26687666666666}"
102,64,False,,61f278a8-152d-4c0a-95d8-137fa5c40479,"{'latitude': 37.79938166666667, 'longitude': -122.27384166666667}"
103,100,False,,14c0df79-9dcc-4481-80b5-63de569f46fb,"{'latitude': 37.79910333333333, 'longitude': -122.27290333333333}"
104,59,False,,b0627fba-f435-44e0-a19e-8e19a6d3c4ec,"{'latitude': 37.79891666666666, 'longitude': -122.27030166666667}"
105,58,False,,19eb6d40-0a1d-4cd8-88f0-897ec50d1291,"{'latitude': 37.798905, 'longitude': -122.27026333333333}"
106,56,False,,0b1c0352-6a82-48a6-9e37-c47785cf454e,"{'latitude': 37.7989, 'longitude': -122.27027833333335}"
107,97,False,,bbd31a4f-6898-4414-a901-f5c4b1bc3700,"{'latitude': 37.799175, 'longitude': -122.26857833333334}"
108,91,False,,89197d6b-ace7-48a8-82cc-41f241fa2935,"{'latitude': 37.808155000000006, 'longitude': -122.26583166666666}"
109,92,False,,4b3b6314-a4d0-4a61-b89b-6115ffdebe3c,"{'latitude': 37.79915666666667, 'longitude': -122.26857}"
110,97,False,,8223bfad-01c3-4a43-acfa-5505b7a012ad,"{'latitude': 37.79909833333333, 'longitude': -122.26857}"
111,49,False,,f1c87c69-42b7-4901-b80f-5d1ecaae2abf,"{'latitude': 37.804085, 'longitude': -122.263825}"
112,82,False,,739f9b96-6afd-4afe-9571-8f6cd8f9d4cc,"{'latitude': 37.799186666666664, 'longitude': -122.27423166666668}"
113,65,False,,85ad4746-6403-4107-8447-23c19c4567fd,"{'latitude': 37.798633333333335, 'longitude': -122.27192666666666}"
114,28,False,,87bacc80-aae9-473f-a579-86f0eff2fc7b,"{'latitude': 37.80372666666666, 'longitude': -122.27855666666667}"
115,43,False,,5debb2ca-82f0-4edf-b8c1-310da8c0a2a5,"{'latitude': 37.808886666666666, 'longitude': -122.26615833333332}"
116,29,False,,ee2c93f6-13a6-409f-8a21-fe7a49527848,"{'latitude': 37.79841166666667, 'longitude': -122.27159833333332}"
117,61,False,,3aaa7b57-9828-496f-8523-dcb1f7b67863,"{'latitude': 37.810505, 'longitude': -122.27079833333333}"
118,100,False,,fe07bdf6-f145-4f63-9388-54721f309194,"{'latitude': 37.81026, 'longitude': -122.27346000000001}"
119,29,False,,f3de8978-5e85-4692-876d-4149f0b86c84,"{'latitude': 37.800308333333334, 'longitude': -122.265}"
120,17,False,,4d6942a1-f1ec-4d3d-a87f-86c3f5244d72,"{'latitude': 37.810489999999994, 'longitude': -122.27329999999999}"
121,40,False,,b343b269-4cfd-4eae-9860-b84c20afa7ea,"{'latitude': 37.79932833333333, 'longitude': -122.27593166666665}"
122,31,False,,cc56ddc5-f630-417a-b406-2275b359a783,"{'latitude': 37.810555, 'longitude': -122.27314833333334}"
123,59,False,,b5b033b5-b33a-4413-8720-8c065dba41fc,"{'latitude': 37.799319999999994, 'longitude': -122.275985}"
124,94,False,,81f77cb5-03ee-4779-91f3-0982651db9ac,"{'latitude': 37.80040333333333, 'longitude': -122.26480166666667}"
125,61,False,,980cf86c-68df-48d5-9a5c-0c0a98d4b88d,"{'latitude': 37.80323333333333, 'longitude': -122.27904500000001}"
126,69,False,,72f52f90-13f1-4a80-b648-6fd2ab64ae66,"{'latitude': 37.80091166666667, 'longitude': -122.26429000000002}"
127,61,False,,dbc5a8e6-2f46-4355-9c1a-4065ed5883e3,"{'latitude': 37.79927833333333, 'longitude': -122.27600166666667}"
128,98,False,,d4eb5d80-98d5-41d8-b9da-11b71fa7bdc9,"{'latitude': 37.80253666666667, 'longitude': -122.26324500000001}"
129,86,False,,96aa0fcd-981b-4683-9844-f711da1a3de5,"{'latitude': 37.80254333333333, 'longitude': -122.26320666666668}"
130,96,False,,0e233080-e5e3-4cb4-a855-af6a550dd191,"{'latitude': 37.79972, 'longitude': -122.26522000000001}"
131,88,False,,9628c72a-8687-4fec-b8e6-46bbf2eaa093,"{'latitude': 37.799458333333334, 'longitude': -122.26557166666667}"
132,100,False,,f3184428-b07a-4eae-8749-133f79f71009,"{'latitude': 37.804359999999996, 'longitude': -122.26272499999999}"
133,55,False,,4c36c89b-e460-4a6e-b2c8-8dfe6165899a,"{'latitude': 37.79965166666667, 'longitude': -122.26523666666665}"
134,85,False,,60d57c30-5bd0-4532-8e05-e40a2aafdb3b,"{'latitude': 37.79969833333334, 'longitude': -122.26512833333332}"
135,97,False,,f7c79486-171e-4a38-b747-5a5d8750755f,"{'latitude': 37.799495, 'longitude': -122.26538833333333}"
136,78,False,,e8106077-ee22-4b67-8c3e-c59627f8ae36,"{'latitude': 37.79887, 'longitude': -122.26635}"
137,94,False,,7e8d2c9c-0306-4d0f-b5b1-7b1ddca6abfe,"{'latitude': 37.799645000000005, 'longitude': -122.26511333333335}"
138,39,False,,a9f61165-49a1-41d3-ac37-35ac45f2b0c9,"{'latitude': 37.79926666666667, 'longitude': -122.26558000000001}"
139,63,False,,9d856507-128c-4fc6-b996-a21e156bd60c,"{'latitude': 37.803905, 'longitude': -122.26258166666666}"
140,34,False,,30e9b1c7-0b5c-423c-9e09-933f2e01a498,"{'latitude': 37.80807166666667, 'longitude': -122.27842666666666}"
141,52,False,,b3006261-32c5-4209-8838-cbfb71cfe850,"{'latitude': 37.80430401678924, 'longitude': -122.2624243331349}"
142,59,False,,606c6f2c-7ef7-47b0-9e6c-314022695475,"{'latitude': 37.802261666666666, 'longitude': -122.26280166666666}"
143,95,False,,00019c96-9f6e-4fdf-b928-05749cf4469c,"{'latitude': 37.798561666666664, 'longitude': -122.26605166666668}"
144,54,False,,ee177015-7fe1-44c9-8990-c0750849ae1b,"{'latitude': 37.79768833333333, 'longitude': -122.27506333333334}"
145,80,False,,faba72ae-4592-4d7c-ac2d-72291912001a,"{'latitude': 37.797736666666665, 'longitude': -122.27520833333334}"
146,100,False,,14be1a5c-d2ae-4c6a-901a-348a5358b722,"{'latitude': 37.80020833333333, 'longitude': -122.26332166666667}"
147,98,False,,b73e7cf9-a01b-4fc8-aeda-32814afd9bd4,"{'latitude': 37.800235, 'longitude': -122.26328333333335}"
148,16,False,,c00f51a7-31be-4e5e-b611-5e2e8260442a,"{'latitude': 37.79808, 'longitude': -122.26603666666666}"
149,58,False,,66798752-7fdb-4ed1-b51f-6cc40460d5bd,"{'latitude': 37.80278833333333, 'longitude': -122.26181833333334}"
150,59,False,,6a424cc6-51e4-4c47-890b-ddb3ff6c3256,"{'latitude': 37.80273, 'longitude': -122.26178666666668}"
151,55,False,,77a593fb-55d7-46f6-af72-8f5e612ae2f1,"{'latitude': 37.80482833333333, 'longitude': -122.26131500000001}"
152,52,False,,2d7a3add-59e3-492f-b14c-1a4424f177c3,"{'latitude': 37.80478666666667, 'longitude': -122.26123833333334}"
153,33,False,,187a7408-90e6-471f-a1e7-ebfa6ba498a1,"{'latitude': 37.80101, 'longitude': -122.26219999999999}"
154,59,False,,d97a9b87-8cf3-4f9d-a92e-16b8e72974fc,"{'latitude': 37.796931666666666, 'longitude': -122.27425333333333}"
155,60,False,,74c652c7-093d-4b9b-8a0b-f62fd9214bb2,"{'latitude': 37.796931666666666, 'longitude': -122.27426833333332}"
156,27,False,,22038097-2fe2-4814-8a63-2661f6c70787,"{'latitude': 37.80787333333333, 'longitude': -122.28005166666665}"
157,32,False,,0066fda2-4979-42d4-8830-ba0a664cad06,"{'latitude': 37.80191, 'longitude': -122.26155166666668}"
158,61,False,,eaaf8500-904a-4ff0-bbe1-48258ec603cd,"{'latitude': 37.79684833333333, 'longitude': -122.27429166666667}"
159,57,False,,a7bd2d56-1750-4544-a177-66b3de6654f6,"{'latitude': 37.80276833333333, 'longitude': -122.26121499999999}"
160,88,False,,04da229c-6a88-448c-a0a4-1b45057b0a4c,"{'latitude': 37.802569999999996, 'longitude': -122.26126166666667}"
161,79,False,,acbfbee4-bee9-40be-8089-1b18f117e349,"{'latitude': 37.79828666666666, 'longitude': -122.27789333333334}"
162,62,False,,17ebc0e6-a602-495f-8092-cb17aa330a7f,"{'latitude': 37.79826666666667, 'longitude': -122.27792333333333}"
163,71,False,,04c2a46e-8ca0-47bc-b787-e81b25cef4b4,"{'latitude': 37.79683, 'longitude': -122.26715166666666}"
164,54,False,,010b300f-466f-47ad-8069-c4433072fbdc,"{'latitude': 37.79618833333333, 'longitude': -122.27245333333333}"
165,54,False,,c20ca021-52f0-40cc-bba7-5c354d658bf6,"{'latitude': 37.81153833333334, 'longitude': -122.265785}"
166,55,False,,53c76d70-27fd-4983-a871-813aff411a24,"{'latitude': 37.79617666666666, 'longitude': -122.27246166666667}"
167,75,False,,5e008d15-e207-4d80-8ee8-de74bd3e4b2a,"{'latitude': 37.799488333333336, 'longitude': -122.262535}"
168,99,False,,85eda535-4fcf-403c-8f64-d22fd5c3d7ce,"{'latitude': 37.796611666666664, 'longitude': -122.26702833333333}"
169,53,False,,7e5a93bb-0e6e-46d6-a505-43168f51d6c7,"{'latitude': 37.797286666666665, 'longitude': -122.27702333333333}"
170,56,False,,f07843a9-2635-4d5d-8477-aa7e0804d1b8,"{'latitude': 37.79729, 'longitude': -122.27703833333335}"
171,100,False,,a02d9a0d-f465-42a8-97e0-3ff0d62b6a59,"{'latitude': 37.81187833333333, 'longitude': -122.27630666666667}"
172,96,False,,9beed690-732f-48d8-a0c4-305fc31ecade,"{'latitude': 37.797108333333334, 'longitude': -122.26543500000001}"
173,96,False,,2837e64e-1f4f-415b-9a3d-1e1c19c91224,"{'latitude': 37.797345, 'longitude': -122.27744333333334}"
174,43,False,,1f7adc27-68d3-4b47-ba2b-c5b6f5bab265,"{'latitude': 37.796425, 'longitude': -122.27607000000002}"
175,84,False,,7ab600d7-68a6-495b-a747-2f43d90c5390,"{'latitude': 37.812266666666666, 'longitude': -122.276345}"
176,71,False,,1c45a9e5-880e-4a43-92f3-78b553f6138c,"{'latitude': 37.79544833333333, 'longitude': -122.27215499999998}"
177,53,False,,cfe8bef0-d85a-47af-95b6-5163625da8bb,"{'latitude': 37.796295, 'longitude': -122.27618333333334}"
178,26,False,,f22415ce-3e66-4d4c-9d26-13ac9eab0075,"{'latitude': 37.80614166666667, 'longitude': -122.25956}"
179,77,False,,ec2230f0-d45c-4699-8064-804899c283df,"{'latitude': 37.80819666666666, 'longitude': -122.28183666666668}"
180,99,False,,b58a3b54-f36e-4617-a47e-c44d8d9c35a2,"{'latitude': 37.79559666666667, 'longitude': -122.27517666666667}"
181,44,False,,c918562b-cbcb-42be-b8d5-0249c94aa110,"{'latitude': 37.79638666666666, 'longitude': -122.27729833333333}"
182,96,False,,cc9f4901-b074-41ed-ada8-8576cdbe1fa1,"{'latitude': 37.79527333333333, 'longitude': -122.27398}"
183,82,False,,605f7536-3db9-4a95-aba4-211a30112157,"{'latitude': 37.79525833333333, 'longitude': -122.27398}"
184,71,False,,6f6bab4b-8efc-4e97-9ff8-43d65e767f5f,"{'latitude': 37.79656166666667, 'longitude': -122.277885}"
185,91,False,,9d0600a0-36ad-427f-8ca9-97766c6212c9,"{'latitude': 37.795845, 'longitude': -122.27649666666666}"
186,83,False,,77cdabb9-1f2f-4b8d-b052-bbaf40210d14,"{'latitude': 37.79586833333334, 'longitude': -122.27655833333334}"
187,100,False,,de682205-0874-49a4-b1ae-89d895646137,"{'latitude': 37.813006666666666, 'longitude': -122.26582333333333}"
188,68,False,,bdcecab6-df1b-4f0b-9700-9f4866e12032,"{'latitude': 37.79891600370202, 'longitude': -122.2609065381086}"
189,52,False,,6f95370a-c492-4f03-9748-c9b854193821,"{'latitude': 37.79427, 'longitude': -122.27136166666666}"
190,44,False,,dd791c03-dd4d-40cc-95a4-c95a4dfd0f58,"{'latitude': 37.79558166666666, 'longitude': -122.26458666666667}"
191,71,False,,9175354c-b767-40f1-9c4f-eee7ac976bbe,"{'latitude': 37.81049333333333, 'longitude': -122.26068833333332}"
192,48,False,,b0ad8202-1ed2-403e-a92d-9bdc73bfd889,"{'latitude': 37.79584166666667, 'longitude': -122.27823666666667}"
193,63,False,,7b999b5f-6bc0-4ba2-bac1-8ba8321071bf,"{'latitude': 37.81044833333333, 'longitude': -122.26061999999999}"
194,25,False,,165c9f20-47e4-47ff-ba21-4222ddc3088e,"{'latitude': 37.79517, 'longitude': -122.27680166666666}"
195,41,False,,4b23ba1d-cd18-4c20-b5fb-26cc20e1e7c0,"{'latitude': 37.794235, 'longitude': -122.26919500000001}"
196,49,False,,5baaa536-653a-4222-8e6a-f0448113b020,"{'latitude': 37.795155, 'longitude': -122.27681666666668}"
197,37,False,,c6dcfb20-d2fb-4f9c-be8d-55ef34ddd055,"{'latitude': 37.795134999999995, 'longitude': -122.276795}"
198,47,False,,b8321eec-5230-4566-9b37-37f333488eae,"{'latitude': 37.79513166666666, 'longitude': -122.27680166666666}"
199,99,False,,6b2c4e5a-4c6b-4425-b6d8-d2edeb345386,"{'latitude': 37.795089999999995, 'longitude': -122.27670333333332}"
200,99,False,,32236c65-224d-4b6e-a248-03394ee9a784,"{'latitude': 37.795105, 'longitude': -122.27675666666667}"
201,61,False,,0d324fa7-2ca5-4e0a-a2fb-a0bd9309fee0,"{'latitude': 37.794711666666664, 'longitude': -122.27570333333333}"
202,53,False,,9f5da775-30e8-4b94-bf78-ba472ab6dea6,"{'latitude': 37.79405166666666, 'longitude': -122.27146833333333}"
203,61,False,,d4ad9419-c77e-49d0-b00b-d96946c1929a,"{'latitude': 37.79403666666666, 'longitude': -122.27143833333334}"
204,78,False,,68ff8855-7cce-4228-a7d4-2bb9c2c53398,"{'latitude': 37.79401333333333, 'longitude': -122.27143166666669}"
205,53,False,,a49dff89-8fe2-4033-8668-d9e6fa21d7a1,"{'latitude': 37.793975, 'longitude': -122.27157666666666}"
206,74,False,,66a6082d-6e47-4b62-8313-5d6131e7b450,"{'latitude': 37.79687833333333, 'longitude': -122.28028833333335}"
207,76,False,,6fd2339e-7ae2-4edc-aaff-dc3be64f3cf1,"{'latitude': 37.809895, 'longitude': -122.259735}"
208,59,False,,be154082-1c78-4774-a254-fe29c37093b2,"{'latitude': 37.79382333333333, 'longitude': -122.27054666666666}"
209,42,False,,aa2749a8-7b2f-4eb6-9586-3a01e502e0f4,"{'latitude': 37.813, 'longitude': -122.26322166666665}"
210,47,False,,dfd54856-6bd7-447b-badb-ed4eda80f51a,"{'latitude': 37.794383333333336, 'longitude': -122.27636}"
211,67,False,,ccd6fbc7-6066-45fa-b5ff-a5a382841f14,"{'latitude': 37.797019999999996, 'longitude': -122.28116666666668}"
212,89,False,,740bf9f8-477a-42ca-b751-eb768a8ae5c6,"{'latitude': 37.794895, 'longitude': -122.27777166666668}"
213,53,False,,a17c7dd5-f512-4c7a-a78b-31e001d81125,"{'latitude': 37.79487666666667, 'longitude': -122.27774}"
214,37,False,,d8479eb5-b56e-4fc5-b0ef-0a8a6a72c18c,"{'latitude': 37.793414999999996, 'longitude': -122.26962999999999}"
215,99,False,,462d1651-92e0-4ef8-b3a1-26a67341fe72,"{'latitude': 37.796928333333334, 'longitude': -122.26063500000001}"
216,60,False,,64b6b1f4-44ce-48e1-b241-0c19fdf2fcff,"{'latitude': 37.793326666666665, 'longitude': -122.26912666666666}"
217,33,False,,ef48f5c4-77a8-424a-b7e9-0e00ac4496a9,"{'latitude': 37.79869833333333, 'longitude': -122.25891166666666}"
218,80,False,,52ba750a-b694-4884-a039-ef47c0885a0d,"{'latitude': 37.80422166666666, 'longitude': -122.2854}"
219,65,False,,6172ebd6-3578-4bff-ae88-966025eac381,"{'latitude': 37.801608333333334, 'longitude': -122.28507166666668}"
220,52,False,,bed7cf0e-2139-4e67-ad43-e5407ac78564,"{'latitude': 37.79522, 'longitude': -122.27969333333334}"
221,27,False,,0817f5b6-a507-4080-8c66-2dca5d5f81d7,"{'latitude': 37.80385666666667, 'longitude': -122.28556833333332}"
222,59,False,,012659ce-8e25-4b18-b4e3-307fc348b732,"{'latitude': 37.806403333333336, 'longitude': -122.25681333333333}"
223,94,False,,30106e3b-efb1-4b16-811c-84e5ea062cc7,"{'latitude': 37.79325166666667, 'longitude': -122.26757833333335}"
224,100,False,,bab97701-866a-43d3-85aa-b78056816922,"{'latitude': 37.793234999999996, 'longitude': -122.26757833333335}"
225,32,False,,44e726a3-b04d-4d2a-a04b-384e88bdec96,"{'latitude': 37.81282, 'longitude': -122.26113833333332}"
226,25,False,,a7a27b5d-08de-4811-867d-0f6d18ea547a,"{'latitude': 37.79523166666667, 'longitude': -122.26194}"
227,43,False,,a581f445-155a-4cad-946e-ab711ef85df1,"{'latitude': 37.81360666666667, 'longitude': -122.26198500000001}"
228,54,False,,bd8a0a58-9888-4588-b115-a191569a8bc7,"{'latitude': 37.813896666666665, 'longitude': -122.26229833333333}"
229,74,False,,d790bd0b-b39a-4f78-b2ec-4342b668421f,"{'latitude': 37.81617333333334, 'longitude': -122.27017166666668}"
230,24,False,,434a3894-71db-4bd3-96fc-22373aad7a32,"{'latitude': 37.81390333333333, 'longitude': -122.26223}"
231,23,False,,2db1e0b7-de3c-448e-8a26-317afd949e13,"{'latitude': 37.806995, 'longitude': -122.28582}"
232,46,False,,bff91bb0-68fe-49bc-b754-9238176cd29c,"{'latitude': 37.79716166666666, 'longitude': -122.25907166666666}"
233,53,False,,f0c44d2a-39ab-4a28-8fad-41296342f07d,"{'latitude': 37.81559, 'longitude': -122.26563333333334}"
234,27,False,,3d9db894-afa4-4c23-97d3-19497ef50290,"{'latitude': 37.807991666666666, 'longitude': -122.25636333333333}"
235,84,False,,7bb9b580-5dc2-4144-9e74-e4a49c98cfe2,"{'latitude': 37.81377333333333, 'longitude': -122.26080333333333}"
236,18,False,,58484188-8e28-46ee-9e72-71f49db43d29,"{'latitude': 37.797493333333335, 'longitude': -122.25782833333332}"
237,65,False,,4a0ae4ad-f43f-4e77-a0a9-85cd701eb1b7,"{'latitude': 37.815619999999996, 'longitude': -122.27834333333334}"
238,81,False,,af0a8a17-4c67-40ee-af46-bda3282ccf67,"{'latitude': 37.79176333333333, 'longitude': -122.27194999999999}"
239,98,False,,42e3592f-0d40-4b27-81fd-b6066e68f3cd,"{'latitude': 37.796688333333336, 'longitude': -122.25829999999999}"
240,32,False,,910fbb1e-2637-4c70-90d6-bbab158caef3,"{'latitude': 37.812400000000004, 'longitude': -122.258575}"
241,38,False,,d3ff552b-6467-49cf-b9e6-2c14d1ec2bac,"{'latitude': 37.81041333333334, 'longitude': -122.25685833333334}"
242,68,False,,139cf119-fa7e-4f01-8088-967553b4f77f,"{'latitude': 37.81057333333333, 'longitude': -122.25688166666666}"
243,45,False,,c64eb5ea-cb7d-47cf-ad94-829463caafbd,"{'latitude': 37.810428333333334, 'longitude': -122.25656166666667}"
244,64,False,,b49274fc-e3b1-46d5-a330-c39b3846ed15,"{'latitude': 37.79548666666667, 'longitude': -122.25865166666667}"
245,92,False,,ea72f823-53e7-4558-b2be-f2e8acc02a10,"{'latitude': 37.811215, 'longitude': -122.28597333333333}"
246,72,False,,5faa8bb0-5a6d-465e-aa7f-73fa405a8362,"{'latitude': 37.81469666666667, 'longitude': -122.25985666666665}"
247,39,False,,bf8f772d-9f75-46b0-b516-05d22e07ef28,"{'latitude': 37.81279833333333, 'longitude': -122.28482000000001}"
248,89,False,,e2ace51a-8d04-4ca4-9f0b-ba33d9f4fd17,"{'latitude': 37.81728, 'longitude': -122.27752666666666}"
249,36,False,,bfe531ba-1e6f-43d0-a767-821afdf0e298,"{'latitude': 37.809738333333335, 'longitude': -122.25484499999999}"
